processor_model,manufacturer,socket_type,core_count,clock_speed,power_consumption,price,release_date,architecture,is_discontinued
i7,AMD,LGA1151,4,1.53,145,702.44 zł,11/18/2010,x86-64,false
i3,AMD,LGA1151,2,3.37,73,132.97 zł,6/1/2014,x86-64,true
i3,AMD,LGA1151,12,1.82,28,962.22 zł,5/15/2014,x86-64,false
Ryzen 7,AMD,AM4,16,3.13,136,95.52 zł,12/25/2018,x86-64,false
Ryzen 5,Intel,AM4,15,4.54,55,723.8 zł,1/11/2022,x86-64,true
i5,AMD,AM4,10,3.58,95,846.68 zł,4/3/2013,x86,false
i5,Intel,LGA1151,9,3.28,20,348.73 zł,3/26/2017,x86-64,true
i7,Intel,AM4,11,3.72,178,324.96 zł,3/29/2018,x86,true
i5,AMD,LGA1151,14,3.24,76,976.12 zł,2/28/2014,x86,false
Ryzen 5,Intel,LGA1151,4,2.35,26,176.19 zł,8/31/2019,x86-64,false
Ryzen 7,Intel,LGA1151,13,3.49,127,519.59 zł,10/29/2021,x86,true
i7,Intel,AM4,12,2.59,72,152.47 zł,7/29/2015,x86-64,false
i3,AMD,LGA1151,15,3.39,38,151.7 zł,8/10/2011,x86,false
Ryzen 5,Intel,LGA1151,6,4.49,149,335.82 zł,1/11/2011,x86,true
Ryzen 5,AMD,LGA1151,13,4.06,141,177.11 zł,7/12/2018,x86,true
Ryzen 5,AMD,AM4,10,4.01,61,804.31 zł,11/28/2019,x86,false
Ryzen 7,AMD,LGA1151,2,4.97,13,344.91 zł,8/11/2021,x86,true
i3,Intel,LGA1151,3,2.17,113,84.64 zł,8/28/2012,x86,true
i3,Intel,LGA1151,5,3.85,143,445.61 zł,2/3/2019,x86-64,true
i5,Intel,LGA1151,5,1.35,38,785.92 zł,4/4/2016,x86,false
Ryzen 5,AMD,LGA1151,14,1.2,72,566.85 zł,2/18/2019,x86,false
i5,Intel,LGA1151,12,1.33,70,828.98 zł,9/6/2022,x86-64,true
i7,AMD,AM4,2,1.96,36,975.65 zł,11/30/2022,x86-64,false
Ryzen 5,Intel,AM4,11,1.24,58,593.72 zł,1/5/2022,x86-64,false
Ryzen 5,AMD,AM4,9,2.06,81,269.38 zł,10/3/2010,x86-64,false
Ryzen 5,Intel,LGA1151,9,3.8,108,287.51 zł,2/28/2020,x86,true
i5,AMD,LGA1151,2,2.42,19,134.07 zł,1/28/2012,x86,false
Ryzen 7,Intel,AM4,3,1.27,46,412.77 zł,8/21/2017,x86,true
Ryzen 7,AMD,LGA1151,14,1.2,151,532.92 zł,10/27/2014,x86,true
i3,AMD,LGA1151,4,1.36,78,898.78 zł,8/1/2010,x86,true
i7,Intel,LGA1151,15,1.88,20,120.02 zł,2/24/2017,x86-64,true
Ryzen 5,Intel,LGA1151,6,3.29,148,200.47 zł,7/2/2011,x86-64,true
i5,Intel,LGA1151,8,1.38,131,559.52 zł,6/27/2015,x86-64,false
i7,Intel,LGA1151,5,1.07,149,306.24 zł,12/29/2013,x86,false
i3,AMD,LGA1151,6,4.62,60,332.08 zł,12/12/2022,x86-64,false
Ryzen 7,Intel,AM4,10,2.99,198,734.43 zł,7/26/2021,x86,true
Ryzen 5,Intel,LGA1151,11,3.7,162,894.66 zł,8/8/2016,x86-64,true
i3,Intel,LGA1151,10,1.39,24,838.31 zł,5/28/2019,x86,true
Ryzen 5,AMD,LGA1151,13,2.43,52,648.44 zł,8/24/2010,x86-64,true
i5,AMD,LGA1151,8,4.29,82,686.12 zł,10/29/2015,x86-64,true
Ryzen 5,AMD,LGA1151,5,3.75,99,679.11 zł,7/21/2021,x86,false
i5,Intel,AM4,10,2.68,80,595.32 zł,1/20/2010,x86,false
Ryzen 5,AMD,LGA1151,9,3.16,128,159.79 zł,2/26/2021,x86-64,false
Ryzen 7,AMD,LGA1151,5,3.12,89,172.3 zł,5/3/2020,x86-64,true
i3,Intel,AM4,16,2.72,63,508.11 zł,5/27/2020,x86-64,true
i7,Intel,LGA1151,6,1.29,127,884.72 zł,3/14/2012,x86,true
Ryzen 5,AMD,LGA1151,7,2.59,62,515.09 zł,9/19/2014,x86,true
Ryzen 7,AMD,LGA1151,11,3.56,81,352.23 zł,2/26/2011,x86-64,false
Ryzen 7,Intel,LGA1151,14,3.12,126,982.13 zł,2/10/2022,x86,true
i5,AMD,LGA1151,3,2.04,124,786.97 zł,9/16/2022,x86,false
i7,Intel,AM4,12,3.2,19,511.01 zł,10/18/2011,x86,true
i7,Intel,AM4,11,4.86,66,55.49 zł,2/25/2014,x86-64,false
Ryzen 5,AMD,AM4,11,3.43,110,130.37 zł,12/20/2014,x86-64,false
Ryzen 7,Intel,AM4,13,1.46,80,322.17 zł,3/31/2012,x86,false
i7,AMD,LGA1151,12,2.03,165,565.98 zł,1/16/2011,x86-64,true
Ryzen 7,Intel,LGA1151,6,3.95,178,56.12 zł,7/29/2016,x86,false
i7,Intel,LGA1151,5,2.18,42,202.51 zł,5/17/2016,x86,true
i5,Intel,LGA1151,10,4.77,143,241.1 zł,11/23/2012,x86,false
i5,AMD,LGA1151,6,3.58,103,431.32 zł,9/8/2014,x86,true
Ryzen 5,Intel,LGA1151,12,4.34,193,943.27 zł,2/12/2011,x86,false
i7,AMD,AM4,16,3.95,90,111.97 zł,7/3/2022,x86,true
i7,Intel,LGA1151,4,3.96,157,715.49 zł,1/9/2015,x86,false
i5,AMD,LGA1151,15,3.31,11,406.11 zł,8/11/2022,x86-64,true
i7,AMD,AM4,9,3.42,135,523.99 zł,3/7/2021,x86-64,true
Ryzen 5,AMD,AM4,2,2.46,72,123.33 zł,9/26/2019,x86-64,false
i5,AMD,AM4,5,1.69,160,820.67 zł,12/16/2011,x86,false
Ryzen 7,AMD,AM4,15,2.93,127,685.72 zł,3/25/2016,x86,true
Ryzen 7,AMD,LGA1151,3,2.71,120,682.01 zł,5/31/2020,x86,false
Ryzen 5,Intel,LGA1151,3,4.3,180,679.6 zł,8/22/2019,x86,false
i3,AMD,AM4,16,1.61,185,366.46 zł,1/15/2018,x86-64,false
Ryzen 5,Intel,AM4,6,3.29,198,204.62 zł,11/10/2018,x86,false
i5,Intel,AM4,2,1.1,53,898.47 zł,1/29/2021,x86,false
i7,Intel,AM4,7,1.65,131,365.45 zł,10/17/2017,x86-64,false
i5,AMD,LGA1151,5,4.35,123,100.83 zł,2/19/2019,x86-64,false
i5,Intel,AM4,10,2.88,94,359.36 zł,4/2/2016,x86,false
Ryzen 7,Intel,LGA1151,7,3.98,148,773.26 zł,8/16/2019,x86,true
i5,AMD,LGA1151,7,1.98,91,531.19 zł,3/21/2010,x86,true
i5,AMD,LGA1151,9,1.19,177,133.44 zł,6/14/2015,x86,true
i5,AMD,AM4,16,4.72,20,110.91 zł,2/7/2011,x86,true
Ryzen 7,AMD,AM4,11,2.96,19,786.05 zł,3/28/2018,x86,true
i7,Intel,LGA1151,9,2.09,185,902.61 zł,9/30/2020,x86,false
i7,AMD,AM4,12,2.83,181,245.29 zł,6/4/2013,x86,true
i7,AMD,LGA1151,16,4.23,139,430.5 zł,2/18/2018,x86-64,true
i7,AMD,LGA1151,5,1.46,134,571.71 zł,8/19/2018,x86,false
i7,AMD,AM4,14,1.08,13,884.17 zł,4/23/2019,x86,false
i5,AMD,AM4,8,3.17,168,701.65 zł,8/23/2020,x86-64,false
i3,AMD,LGA1151,12,4.03,66,733.97 zł,8/6/2012,x86-64,false
i5,AMD,LGA1151,10,1.52,190,302.66 zł,7/2/2022,x86,false
i5,AMD,LGA1151,6,3.87,166,359.98 zł,8/11/2017,x86-64,true
Ryzen 5,Intel,AM4,13,4.28,166,861.58 zł,2/15/2022,x86-64,false
i3,Intel,AM4,11,4.05,74,683.09 zł,7/24/2022,x86-64,false
Ryzen 7,Intel,AM4,15,1.69,150,573.92 zł,5/25/2011,x86-64,true
i3,AMD,LGA1151,14,2.44,30,197.27 zł,10/22/2014,x86-64,false
i3,AMD,LGA1151,15,2.38,119,85.83 zł,6/14/2018,x86-64,false
i3,AMD,AM4,15,3.34,178,272.52 zł,5/31/2019,x86-64,true
i3,AMD,LGA1151,7,1.14,60,519.5 zł,8/23/2021,x86-64,false
Ryzen 7,Intel,AM4,13,4.88,115,249.59 zł,2/23/2020,x86,true
Ryzen 7,Intel,LGA1151,15,3.14,35,862.56 zł,11/23/2015,x86-64,true
i3,Intel,AM4,13,3.42,29,460.54 zł,9/7/2014,x86,false
Ryzen 7,AMD,AM4,16,2.89,10,75.76 zł,10/28/2021,x86,true
i3,Intel,AM4,7,4.66,164,957.99 zł,8/28/2010,x86-64,true
i3,Intel,AM4,7,1.66,79,362.39 zł,5/21/2022,x86-64,false
i3,AMD,LGA1151,12,4.78,108,468.69 zł,4/17/2016,x86-64,true
Ryzen 7,Intel,LGA1151,14,1.78,155,377.75 zł,4/1/2013,x86-64,false
Ryzen 5,Intel,LGA1151,6,3.12,114,353.37 zł,4/11/2019,x86,true
Ryzen 5,AMD,AM4,2,4.88,35,891.45 zł,6/1/2019,x86-64,true
Ryzen 7,Intel,LGA1151,4,3.39,179,904.59 zł,9/14/2021,x86-64,true
i7,Intel,AM4,16,4.42,92,672.95 zł,8/31/2019,x86,true
i5,Intel,LGA1151,14,3.09,63,994.06 zł,11/11/2011,x86-64,false
Ryzen 5,Intel,AM4,2,2.76,188,440.11 zł,9/4/2013,x86-64,true
i5,Intel,LGA1151,11,2.55,28,903.98 zł,6/6/2013,x86,true
i5,Intel,AM4,6,4.24,148,284.62 zł,9/10/2013,x86,false
Ryzen 5,AMD,LGA1151,12,4.94,86,405.43 zł,12/23/2019,x86,false
i7,Intel,AM4,8,1.84,36,283.96 zł,4/5/2017,x86-64,true
Ryzen 5,Intel,LGA1151,7,4.56,172,836.67 zł,5/30/2020,x86-64,false
i5,Intel,LGA1151,15,2.93,173,934.48 zł,11/3/2013,x86,false
i7,AMD,AM4,7,4.46,52,155.86 zł,7/18/2020,x86-64,false
i7,AMD,AM4,12,1.01,198,192.49 zł,4/6/2011,x86,false
Ryzen 5,AMD,LGA1151,4,4.78,174,909.6 zł,6/6/2015,x86,true
i5,AMD,AM4,10,4.18,108,560.59 zł,10/30/2012,x86-64,false
i7,Intel,AM4,12,2.71,35,930.96 zł,11/8/2014,x86-64,false
Ryzen 5,AMD,AM4,9,4.32,160,148.76 zł,6/13/2011,x86-64,true
Ryzen 7,Intel,AM4,5,1.04,101,103.71 zł,4/18/2018,x86,false
i5,AMD,AM4,14,1.95,130,264.7 zł,5/11/2015,x86-64,false
i5,Intel,LGA1151,15,2.44,141,551.9 zł,5/15/2021,x86,false
i5,AMD,AM4,10,4.36,153,331.09 zł,11/25/2013,x86-64,true
i3,AMD,LGA1151,16,3.67,187,320.4 zł,7/22/2012,x86-64,false
Ryzen 5,AMD,AM4,2,4.6,198,380.53 zł,7/12/2019,x86-64,false
i7,Intel,AM4,9,3.9,165,825.22 zł,12/24/2017,x86,true
Ryzen 5,AMD,LGA1151,15,2.7,116,901.93 zł,5/18/2018,x86-64,true
Ryzen 5,Intel,AM4,9,2.82,107,269.14 zł,8/3/2010,x86-64,false
i3,Intel,AM4,8,3.34,12,384.76 zł,11/12/2010,x86-64,false
Ryzen 7,AMD,LGA1151,14,3.36,83,586.41 zł,2/1/2017,x86-64,true
i7,AMD,AM4,4,1.69,125,135.23 zł,12/22/2012,x86,true
Ryzen 5,AMD,AM4,4,4.96,39,492.06 zł,10/9/2021,x86,false
Ryzen 7,Intel,AM4,3,1.58,135,852.7 zł,2/1/2018,x86,false
i5,Intel,LGA1151,4,1.83,17,566.52 zł,4/20/2019,x86,true
Ryzen 5,AMD,AM4,8,4.12,25,952.78 zł,2/23/2012,x86-64,true
i5,Intel,LGA1151,8,4.0,105,311.32 zł,2/12/2014,x86-64,true
i5,AMD,AM4,9,4.9,158,308.04 zł,9/29/2022,x86-64,false
i5,AMD,AM4,11,4.24,149,559.89 zł,3/16/2015,x86,true
Ryzen 7,Intel,AM4,13,3.43,54,56.61 zł,1/10/2021,x86-64,false
i7,Intel,AM4,11,1.98,23,522.05 zł,3/12/2021,x86-64,false
Ryzen 5,Intel,LGA1151,3,4.84,106,630.32 zł,11/22/2010,x86-64,true
i3,AMD,AM4,9,3.57,142,474.61 zł,9/11/2013,x86,true
Ryzen 7,AMD,AM4,2,4.22,109,630.34 zł,2/17/2018,x86-64,true
i3,AMD,AM4,14,2.13,70,913.93 zł,3/25/2012,x86-64,false
i5,Intel,LGA1151,15,3.46,37,931.5 zł,3/4/2019,x86-64,false
i3,AMD,LGA1151,7,1.39,178,357.43 zł,4/7/2015,x86,false
Ryzen 7,Intel,LGA1151,10,4.04,187,910.65 zł,11/20/2011,x86,true
i5,Intel,LGA1151,13,4.51,162,230.81 zł,10/3/2022,x86-64,false
i5,Intel,AM4,2,2.04,164,499.66 zł,3/21/2017,x86,false
i3,AMD,AM4,11,4.61,49,968.11 zł,7/23/2012,x86,false
i3,Intel,LGA1151,9,3.4,49,359.17 zł,9/15/2015,x86-64,true
i5,AMD,LGA1151,9,3.57,144,328.34 zł,12/17/2021,x86,false
Ryzen 5,Intel,LGA1151,4,4.77,170,557.83 zł,6/1/2021,x86,false
i3,Intel,LGA1151,6,2.3,44,90.45 zł,1/23/2020,x86-64,false
i5,AMD,AM4,6,2.4,93,307.47 zł,2/16/2018,x86-64,true
i5,Intel,LGA1151,10,2.94,200,814.17 zł,7/6/2012,x86,true
i5,AMD,LGA1151,3,2.72,103,961.88 zł,2/4/2021,x86,true
Ryzen 5,Intel,LGA1151,3,3.54,152,889.81 zł,7/22/2020,x86-64,false
i5,AMD,AM4,15,1.26,138,527.15 zł,10/11/2019,x86,true
Ryzen 5,Intel,LGA1151,9,1.75,192,927.74 zł,12/12/2021,x86-64,true
i7,AMD,LGA1151,16,3.32,23,654.57 zł,12/5/2021,x86-64,true
Ryzen 5,Intel,LGA1151,14,3.41,93,908.0 zł,5/29/2016,x86,true
Ryzen 7,AMD,LGA1151,6,4.19,128,872.71 zł,1/21/2016,x86,false
i7,AMD,LGA1151,3,4.58,161,942.7 zł,4/21/2019,x86-64,false
Ryzen 7,Intel,AM4,7,1.15,113,880.24 zł,3/22/2022,x86,true
Ryzen 5,Intel,LGA1151,5,4.76,15,244.04 zł,11/26/2021,x86-64,false
i5,Intel,AM4,13,1.41,18,818.91 zł,3/15/2022,x86-64,true
i5,Intel,AM4,5,3.95,33,552.97 zł,12/27/2020,x86,false
Ryzen 7,Intel,LGA1151,5,1.83,73,825.19 zł,2/27/2021,x86-64,false
i3,AMD,LGA1151,11,4.4,195,538.88 zł,10/21/2016,x86,false
i7,AMD,AM4,6,3.05,74,457.7 zł,2/20/2010,x86,false
Ryzen 5,AMD,LGA1151,14,3.61,121,482.81 zł,2/26/2013,x86,true
i3,Intel,AM4,9,3.54,44,275.38 zł,11/30/2014,x86,true
i5,Intel,AM4,16,1.94,36,579.7 zł,8/13/2017,x86-64,true
i3,AMD,LGA1151,4,4.56,31,94.13 zł,4/21/2016,x86-64,false
Ryzen 7,AMD,LGA1151,6,1.0,197,390.05 zł,10/10/2014,x86,false
i5,AMD,LGA1151,11,1.63,52,910.4 zł,11/21/2016,x86-64,false
i5,Intel,LGA1151,3,2.32,144,152.23 zł,4/18/2011,x86-64,false
i7,Intel,AM4,16,1.17,51,785.71 zł,3/20/2016,x86,false
i3,Intel,AM4,15,4.49,70,482.71 zł,4/6/2013,x86,false
i5,Intel,AM4,15,4.3,172,758.23 zł,5/27/2016,x86,true
i5,AMD,LGA1151,8,2.41,17,859.22 zł,2/2/2017,x86,true
i7,AMD,AM4,14,3.1,148,947.53 zł,8/1/2014,x86-64,true
i5,AMD,AM4,7,1.19,195,854.68 zł,12/1/2010,x86,true
i3,Intel,AM4,5,2.27,169,461.69 zł,4/2/2013,x86,false
i3,Intel,AM4,7,3.61,199,249.09 zł,1/28/2013,x86,false
i3,Intel,LGA1151,3,4.51,18,457.96 zł,5/22/2015,x86,true
i7,Intel,AM4,10,2.39,136,380.58 zł,10/16/2013,x86,false
i7,Intel,AM4,13,1.6,140,422.04 zł,7/11/2017,x86,false
Ryzen 5,AMD,AM4,14,4.82,58,396.59 zł,12/3/2012,x86,true
i7,Intel,LGA1151,11,1.04,184,564.39 zł,7/10/2014,x86,false
Ryzen 7,Intel,AM4,11,3.37,157,418.86 zł,7/15/2020,x86-64,false
i5,AMD,AM4,11,3.27,76,656.13 zł,5/1/2015,x86-64,false
Ryzen 5,AMD,LGA1151,4,4.23,168,395.76 zł,11/12/2015,x86,false
i3,Intel,LGA1151,9,4.3,96,140.71 zł,11/4/2018,x86-64,true
i3,AMD,LGA1151,8,4.7,65,806.62 zł,4/19/2015,x86-64,false
i3,Intel,LGA1151,14,1.62,84,119.86 zł,8/17/2020,x86-64,false
Ryzen 5,AMD,LGA1151,15,4.9,45,249.63 zł,10/5/2020,x86,true
i7,AMD,AM4,6,4.83,90,534.15 zł,8/10/2021,x86,true
i5,Intel,AM4,7,1.83,21,920.76 zł,3/9/2013,x86,true
Ryzen 7,AMD,LGA1151,3,3.58,43,171.66 zł,11/26/2019,x86-64,false
i3,AMD,AM4,9,4.99,142,432.05 zł,10/5/2018,x86-64,true
Ryzen 7,AMD,LGA1151,12,1.92,148,68.75 zł,12/5/2010,x86-64,true
i3,Intel,LGA1151,15,4.86,101,218.32 zł,4/23/2018,x86-64,false
i7,Intel,AM4,10,1.71,161,288.72 zł,5/18/2014,x86-64,true
Ryzen 7,Intel,AM4,14,2.51,178,457.29 zł,2/1/2020,x86,false
Ryzen 7,AMD,AM4,14,4.95,84,768.76 zł,4/6/2021,x86-64,false
i7,Intel,LGA1151,6,1.04,20,362.27 zł,2/25/2022,x86-64,false
Ryzen 5,Intel,AM4,9,2.43,55,79.35 zł,11/14/2010,x86-64,false
i3,AMD,LGA1151,15,3.57,162,887.72 zł,3/31/2019,x86,false
Ryzen 7,AMD,AM4,3,3.34,194,927.09 zł,7/27/2019,x86-64,false
Ryzen 5,Intel,AM4,15,2.05,166,856.48 zł,8/31/2016,x86,true
i5,Intel,LGA1151,7,3.61,106,74.21 zł,10/22/2019,x86-64,true
Ryzen 5,AMD,AM4,16,1.03,182,554.91 zł,6/13/2012,x86-64,true
Ryzen 7,AMD,AM4,14,4.29,73,663.93 zł,9/20/2015,x86,true
i7,AMD,LGA1151,4,3.76,125,661.49 zł,2/5/2021,x86,false
i5,Intel,LGA1151,8,2.2,97,281.73 zł,10/3/2010,x86,false
i5,AMD,LGA1151,5,3.56,121,648.79 zł,4/6/2020,x86,true
i5,AMD,LGA1151,2,4.11,83,618.26 zł,5/3/2017,x86-64,false
Ryzen 5,Intel,AM4,5,1.95,33,511.24 zł,4/22/2013,x86,false
Ryzen 7,AMD,AM4,3,2.85,69,94.01 zł,10/2/2012,x86-64,false
i3,Intel,LGA1151,5,4.86,38,281.61 zł,4/3/2014,x86,true
Ryzen 7,AMD,AM4,10,4.09,68,719.5 zł,9/10/2014,x86,false
i5,Intel,AM4,16,1.89,193,898.29 zł,6/3/2014,x86-64,false
Ryzen 5,AMD,LGA1151,7,4.38,78,584.53 zł,1/31/2015,x86,false
i3,Intel,AM4,12,4.13,100,427.09 zł,1/15/2021,x86,true
i5,AMD,LGA1151,5,1.72,125,682.44 zł,10/20/2017,x86-64,false
i5,Intel,AM4,10,2.7,198,697.32 zł,8/10/2012,x86,true
Ryzen 7,AMD,LGA1151,14,4.98,99,863.72 zł,3/28/2012,x86,true
i5,Intel,LGA1151,5,2.42,142,940.72 zł,11/3/2012,x86,false
i3,AMD,AM4,4,1.51,114,524.62 zł,4/24/2018,x86,false
i5,Intel,AM4,10,1.22,43,529.17 zł,3/30/2014,x86-64,false
i5,AMD,AM4,10,2.35,174,191.81 zł,7/29/2018,x86,false
Ryzen 5,Intel,LGA1151,7,4.06,58,865.63 zł,12/21/2019,x86,true
Ryzen 7,Intel,LGA1151,8,2.15,189,367.19 zł,6/2/2021,x86,true
i3,Intel,AM4,14,3.43,185,368.81 zł,10/2/2016,x86-64,true
Ryzen 7,AMD,AM4,9,4.87,76,821.98 zł,12/12/2012,x86-64,true
i3,AMD,LGA1151,4,1.16,116,171.0 zł,6/12/2013,x86,false
Ryzen 7,AMD,LGA1151,5,1.39,116,433.02 zł,10/1/2021,x86,true
Ryzen 5,AMD,AM4,9,1.49,178,154.46 zł,5/22/2018,x86-64,true
i5,Intel,LGA1151,13,4.02,144,803.73 zł,9/14/2019,x86-64,false
i3,AMD,LGA1151,4,1.26,28,755.41 zł,6/10/2022,x86,true
Ryzen 5,Intel,LGA1151,5,1.6,127,796.54 zł,12/11/2012,x86,true
i7,AMD,LGA1151,6,2.99,159,406.55 zł,6/9/2015,x86,false
Ryzen 7,AMD,LGA1151,3,4.94,118,349.75 zł,8/31/2020,x86,false
i5,Intel,LGA1151,3,3.22,63,621.73 zł,7/26/2014,x86-64,true
Ryzen 5,Intel,AM4,3,1.7,58,822.61 zł,9/12/2014,x86-64,true
i3,AMD,AM4,14,1.7,11,527.32 zł,8/3/2012,x86-64,false
i7,Intel,AM4,15,4.66,45,389.28 zł,2/28/2022,x86-64,true
Ryzen 7,Intel,AM4,5,4.06,128,480.75 zł,5/20/2016,x86,false
i5,Intel,LGA1151,14,2.98,171,613.73 zł,9/13/2019,x86-64,false
Ryzen 7,AMD,AM4,6,2.06,149,630.81 zł,2/20/2017,x86,false
i3,AMD,LGA1151,12,1.05,75,446.09 zł,6/14/2021,x86,false
Ryzen 5,Intel,LGA1151,10,4.51,62,932.91 zł,3/7/2014,x86-64,false
i5,AMD,AM4,11,4.05,143,493.47 zł,11/1/2017,x86-64,true
Ryzen 5,Intel,LGA1151,8,2.43,189,152.6 zł,2/18/2017,x86-64,false
Ryzen 7,Intel,LGA1151,2,3.55,174,204.32 zł,11/18/2011,x86,true
i5,Intel,AM4,9,1.2,54,534.93 zł,12/17/2012,x86-64,false
Ryzen 5,Intel,AM4,10,2.64,172,255.49 zł,3/8/2020,x86-64,true
i5,AMD,LGA1151,13,2.13,55,456.46 zł,11/29/2020,x86-64,false
i3,AMD,LGA1151,3,4.82,69,196.3 zł,9/9/2020,x86-64,false
Ryzen 5,AMD,LGA1151,10,1.4,96,629.58 zł,3/15/2018,x86,false
i7,AMD,LGA1151,15,3.49,45,526.49 zł,3/8/2015,x86-64,false
i3,Intel,LGA1151,8,2.97,142,568.39 zł,10/22/2012,x86-64,true
Ryzen 5,Intel,LGA1151,13,4.45,157,413.26 zł,5/28/2016,x86-64,true
Ryzen 7,Intel,LGA1151,13,3.6,115,150.38 zł,12/6/2019,x86-64,true
Ryzen 5,AMD,LGA1151,2,4.91,177,983.49 zł,7/14/2022,x86-64,false
i7,AMD,LGA1151,9,1.96,110,591.51 zł,1/12/2012,x86-64,false
i5,AMD,AM4,16,4.82,70,723.13 zł,4/17/2011,x86-64,false
Ryzen 5,Intel,AM4,10,3.66,57,755.17 zł,7/4/2011,x86,false
i7,AMD,LGA1151,11,2.95,82,988.54 zł,7/20/2014,x86-64,false
i5,AMD,LGA1151,15,4.44,174,489.77 zł,3/26/2013,x86,true
i5,Intel,AM4,7,4.21,189,69.67 zł,12/31/2012,x86-64,false
Ryzen 7,Intel,AM4,13,4.8,58,64.43 zł,3/1/2020,x86-64,true
i7,Intel,AM4,2,4.42,154,646.29 zł,5/8/2012,x86,false
Ryzen 7,Intel,LGA1151,5,3.68,37,513.16 zł,5/16/2018,x86-64,true
i7,Intel,AM4,6,3.54,116,55.28 zł,8/30/2016,x86,false
i3,Intel,AM4,7,1.1,186,333.43 zł,10/19/2012,x86,false
i7,AMD,AM4,2,2.99,151,648.67 zł,7/24/2019,x86-64,false
Ryzen 7,Intel,LGA1151,15,2.66,35,809.1 zł,11/29/2010,x86,false
i7,Intel,AM4,10,3.06,49,427.17 zł,2/23/2016,x86-64,false
i7,AMD,AM4,14,2.1,160,403.96 zł,9/17/2013,x86,true
Ryzen 7,AMD,AM4,3,2.42,141,379.15 zł,10/22/2021,x86-64,false
i7,AMD,AM4,3,4.89,115,803.48 zł,7/2/2017,x86,true
i7,Intel,LGA1151,11,2.75,51,704.17 zł,5/28/2017,x86-64,false
Ryzen 5,Intel,LGA1151,16,2.96,115,218.84 zł,8/29/2020,x86-64,false
Ryzen 5,Intel,AM4,15,2.01,196,206.21 zł,5/14/2020,x86-64,true
Ryzen 7,Intel,AM4,13,4.4,148,689.12 zł,5/12/2014,x86-64,true
i3,AMD,LGA1151,4,2.02,49,971.05 zł,10/6/2016,x86-64,false
i3,AMD,LGA1151,11,3.37,13,643.84 zł,11/14/2010,x86-64,true
Ryzen 5,AMD,LGA1151,12,3.86,96,313.8 zł,9/8/2020,x86-64,true
Ryzen 7,Intel,LGA1151,14,2.16,197,358.02 zł,10/6/2018,x86-64,false
Ryzen 7,AMD,LGA1151,14,4.65,42,450.68 zł,9/2/2020,x86-64,false
i5,AMD,LGA1151,11,3.41,194,744.04 zł,9/29/2019,x86-64,true
Ryzen 5,AMD,LGA1151,4,3.57,64,784.67 zł,6/14/2016,x86,false
i7,AMD,LGA1151,8,3.68,106,253.05 zł,11/29/2018,x86-64,true
i7,Intel,AM4,5,2.37,34,264.5 zł,11/27/2016,x86-64,true
i5,Intel,LGA1151,5,4.79,88,97.78 zł,1/8/2014,x86,false
i7,AMD,LGA1151,7,3.94,30,331.22 zł,5/10/2015,x86-64,true
i5,Intel,LGA1151,12,4.08,108,207.32 zł,3/31/2015,x86-64,false
Ryzen 7,AMD,AM4,16,2.24,151,345.75 zł,6/4/2011,x86-64,true
Ryzen 5,AMD,LGA1151,2,1.53,179,270.5 zł,12/15/2022,x86,true
Ryzen 5,AMD,LGA1151,10,3.97,155,229.5 zł,7/12/2016,x86-64,false
Ryzen 5,AMD,LGA1151,2,2.19,128,937.82 zł,4/20/2014,x86-64,false
Ryzen 7,AMD,LGA1151,5,2.83,31,931.19 zł,1/9/2020,x86-64,true
i5,Intel,LGA1151,9,4.93,43,136.1 zł,8/5/2019,x86,false
i5,Intel,LGA1151,4,2.17,138,879.81 zł,3/14/2016,x86-64,false
i3,Intel,AM4,9,2.34,151,337.89 zł,11/14/2013,x86,false
i7,AMD,LGA1151,2,4.5,75,522.77 zł,5/14/2010,x86,false
i3,Intel,AM4,4,3.03,35,954.27 zł,5/2/2018,x86,true
i3,AMD,AM4,10,2.94,43,110.98 zł,12/30/2018,x86,true
Ryzen 5,Intel,AM4,2,2.04,185,244.27 zł,8/11/2019,x86-64,true
i3,Intel,LGA1151,8,1.21,94,756.04 zł,1/22/2013,x86-64,true
i5,Intel,LGA1151,9,2.13,159,551.64 zł,3/7/2014,x86,false
i3,AMD,AM4,13,1.39,182,297.5 zł,5/24/2017,x86,false
Ryzen 5,AMD,LGA1151,6,3.57,26,886.19 zł,4/13/2022,x86,false
i5,Intel,LGA1151,13,4.21,149,445.1 zł,9/20/2017,x86-64,true
i7,Intel,AM4,15,4.1,86,469.31 zł,2/17/2012,x86,true
i7,AMD,AM4,5,1.39,41,240.8 zł,7/31/2021,x86-64,false
i5,AMD,AM4,4,3.44,135,833.83 zł,3/23/2014,x86-64,true
i3,Intel,LGA1151,3,3.47,21,587.18 zł,9/15/2013,x86,false
i5,Intel,LGA1151,7,3.86,61,783.5 zł,6/1/2016,x86,true
Ryzen 7,Intel,LGA1151,9,4.16,92,767.0 zł,2/7/2021,x86,true
i7,AMD,LGA1151,15,1.01,83,156.3 zł,1/10/2021,x86-64,false
Ryzen 7,Intel,LGA1151,5,2.94,200,732.84 zł,7/23/2015,x86,true
i3,Intel,AM4,7,4.57,25,417.97 zł,6/8/2011,x86,false
Ryzen 7,Intel,AM4,6,3.02,43,678.28 zł,10/8/2011,x86,true
i3,Intel,AM4,9,3.01,32,903.28 zł,12/24/2011,x86-64,true
i3,AMD,LGA1151,7,1.02,184,61.31 zł,1/12/2010,x86,false
i5,Intel,AM4,5,2.25,75,694.13 zł,9/12/2016,x86,true
i3,Intel,LGA1151,7,2.65,50,67.06 zł,6/11/2011,x86,true
i3,Intel,LGA1151,9,1.54,50,647.88 zł,11/20/2018,x86-64,true
i5,AMD,AM4,11,3.21,125,404.57 zł,12/20/2011,x86,true
Ryzen 5,AMD,LGA1151,5,1.4,109,611.03 zł,8/17/2017,x86-64,false
i5,Intel,AM4,5,1.26,38,807.59 zł,5/19/2019,x86,false
i7,Intel,AM4,6,3.78,22,767.35 zł,11/10/2011,x86,true
Ryzen 5,AMD,LGA1151,4,1.95,198,166.74 zł,8/26/2019,x86-64,true
Ryzen 7,AMD,LGA1151,13,2.97,90,541.75 zł,12/20/2021,x86,true
Ryzen 7,Intel,AM4,12,4.11,24,178.79 zł,3/31/2017,x86-64,false
i5,Intel,LGA1151,10,1.53,53,197.24 zł,3/3/2010,x86,false
i5,AMD,LGA1151,13,2.92,167,275.11 zł,7/29/2019,x86,true
i5,Intel,LGA1151,16,2.32,39,663.31 zł,7/2/2020,x86-64,true
Ryzen 5,AMD,LGA1151,15,4.56,196,782.41 zł,1/25/2017,x86,true
i3,Intel,AM4,16,4.37,144,964.93 zł,8/22/2016,x86-64,true
i3,Intel,AM4,7,2.48,139,236.37 zł,3/16/2017,x86,true
Ryzen 5,Intel,LGA1151,16,4.62,24,166.22 zł,12/28/2016,x86-64,false
Ryzen 5,Intel,AM4,6,4.31,162,754.08 zł,6/18/2015,x86,true
i3,Intel,AM4,11,4.65,88,667.24 zł,11/2/2022,x86-64,true
Ryzen 7,AMD,AM4,4,3.97,57,335.5 zł,6/6/2014,x86,false
i5,Intel,LGA1151,13,2.03,86,492.17 zł,5/18/2020,x86-64,false
i3,AMD,AM4,6,4.26,168,612.87 zł,3/30/2010,x86-64,true
Ryzen 7,Intel,LGA1151,15,3.36,194,534.8 zł,10/15/2020,x86,false
i5,AMD,LGA1151,4,3.4,48,639.47 zł,1/8/2011,x86-64,false
i3,Intel,AM4,4,1.25,81,891.74 zł,5/4/2018,x86-64,true
i7,AMD,LGA1151,10,4.51,166,518.8 zł,8/24/2018,x86,false
i5,AMD,LGA1151,7,4.87,24,61.83 zł,6/26/2017,x86-64,false
i3,AMD,AM4,12,1.6,57,984.28 zł,10/11/2020,x86,true
Ryzen 7,AMD,LGA1151,6,1.97,194,311.54 zł,10/21/2021,x86-64,true
i3,Intel,AM4,12,3.73,161,529.65 zł,7/9/2011,x86-64,false
i7,AMD,LGA1151,2,3.03,60,817.81 zł,5/21/2020,x86-64,false
i3,AMD,AM4,6,1.16,39,687.06 zł,6/9/2020,x86-64,false
Ryzen 7,AMD,LGA1151,14,4.73,197,936.14 zł,10/22/2014,x86-64,false
Ryzen 7,Intel,LGA1151,15,2.02,145,776.49 zł,8/31/2018,x86,true
i7,Intel,LGA1151,11,3.85,90,179.22 zł,12/6/2013,x86-64,false
Ryzen 5,Intel,AM4,15,4.57,14,834.76 zł,2/20/2012,x86-64,true
Ryzen 7,AMD,LGA1151,3,2.02,85,895.72 zł,12/23/2021,x86,false
i5,Intel,AM4,4,2.83,37,206.2 zł,2/19/2010,x86,false
i5,Intel,LGA1151,8,4.92,162,489.41 zł,8/13/2019,x86-64,false
i5,AMD,AM4,6,1.05,136,607.96 zł,2/16/2021,x86-64,false
Ryzen 5,AMD,LGA1151,16,1.38,168,127.79 zł,3/12/2020,x86-64,true
Ryzen 5,Intel,AM4,12,1.21,93,929.56 zł,12/19/2017,x86,true
i7,AMD,LGA1151,4,2.42,38,145.46 zł,5/2/2014,x86,false
Ryzen 7,AMD,LGA1151,7,2.78,107,631.02 zł,3/5/2019,x86-64,false
i7,Intel,AM4,12,3.41,116,203.85 zł,12/29/2020,x86-64,false
i7,AMD,LGA1151,10,1.15,166,859.11 zł,10/7/2016,x86-64,true
Ryzen 5,Intel,AM4,13,3.9,104,101.81 zł,1/3/2016,x86,false
Ryzen 7,Intel,AM4,8,1.9,31,568.17 zł,11/29/2015,x86-64,true
i3,Intel,AM4,15,4.43,66,598.1 zł,12/26/2016,x86-64,false
Ryzen 5,Intel,AM4,5,4.39,20,822.39 zł,7/3/2016,x86,true
i7,Intel,LGA1151,8,3.66,80,86.23 zł,7/7/2019,x86,true
Ryzen 7,AMD,AM4,15,2.76,187,647.67 zł,12/21/2017,x86-64,true
Ryzen 5,Intel,LGA1151,10,1.63,192,840.97 zł,10/23/2019,x86-64,true
i5,Intel,LGA1151,13,1.41,101,327.73 zł,11/14/2014,x86,false
i5,AMD,AM4,3,4.18,156,793.09 zł,3/26/2011,x86-64,false
i7,Intel,LGA1151,12,1.18,54,734.69 zł,1/9/2022,x86-64,true
Ryzen 5,AMD,LGA1151,10,4.57,125,777.34 zł,4/17/2012,x86,false
Ryzen 5,AMD,AM4,12,3.62,97,833.34 zł,12/6/2017,x86-64,true
Ryzen 5,Intel,AM4,10,4.97,15,970.73 zł,5/16/2021,x86,false
Ryzen 7,Intel,AM4,3,3.87,166,545.53 zł,2/25/2011,x86,true
i3,AMD,AM4,13,4.87,130,597.74 zł,7/13/2016,x86-64,false
Ryzen 5,Intel,LGA1151,7,3.18,23,538.33 zł,4/15/2020,x86-64,false
i7,Intel,AM4,5,3.14,67,161.37 zł,6/6/2018,x86,false
Ryzen 7,AMD,LGA1151,10,1.08,114,112.13 zł,11/27/2015,x86,false
i3,AMD,AM4,12,3.77,56,173.52 zł,5/29/2013,x86,false
Ryzen 7,AMD,LGA1151,7,3.48,135,506.24 zł,8/10/2015,x86-64,false
Ryzen 7,Intel,LGA1151,11,1.13,81,472.51 zł,9/29/2017,x86-64,true
Ryzen 7,AMD,AM4,9,4.52,32,782.61 zł,4/27/2010,x86-64,false
Ryzen 7,AMD,AM4,12,2.73,95,708.44 zł,1/29/2014,x86,true
Ryzen 5,AMD,LGA1151,15,3.61,66,317.18 zł,1/11/2013,x86,false
i3,Intel,AM4,3,3.96,183,946.45 zł,11/2/2016,x86,false
Ryzen 5,Intel,LGA1151,9,4.15,163,824.33 zł,8/30/2017,x86-64,false
i7,AMD,LGA1151,11,1.5,116,245.65 zł,8/25/2022,x86,true
Ryzen 5,AMD,LGA1151,15,1.75,79,602.16 zł,3/14/2014,x86,true
Ryzen 5,AMD,LGA1151,10,4.74,77,400.75 zł,2/16/2010,x86,true
Ryzen 5,Intel,AM4,14,2.16,69,56.11 zł,10/9/2011,x86-64,true
Ryzen 7,AMD,AM4,2,1.25,143,841.74 zł,5/12/2021,x86-64,true
Ryzen 5,Intel,LGA1151,5,1.2,145,448.21 zł,4/3/2015,x86-64,false
i7,Intel,LGA1151,9,1.2,176,141.79 zł,11/2/2015,x86,true
i7,AMD,LGA1151,15,2.69,23,626.6 zł,11/3/2019,x86,true
i5,Intel,AM4,8,2.95,192,132.76 zł,3/5/2010,x86,false
i5,AMD,LGA1151,4,2.48,150,507.46 zł,4/21/2013,x86-64,true
Ryzen 5,Intel,LGA1151,5,2.76,133,706.58 zł,8/11/2011,x86-64,false
i3,Intel,AM4,3,1.01,98,363.84 zł,1/1/2022,x86-64,true
Ryzen 7,AMD,AM4,16,4.44,75,169.52 zł,8/19/2018,x86,true
i7,AMD,LGA1151,6,2.91,48,665.4 zł,2/22/2011,x86,false
i7,Intel,AM4,14,2.43,182,506.74 zł,2/15/2021,x86,true
Ryzen 7,Intel,LGA1151,10,2.91,39,522.5 zł,2/24/2019,x86,false
i3,AMD,LGA1151,15,3.83,47,874.34 zł,5/22/2017,x86-64,true
i5,AMD,LGA1151,3,4.24,190,816.95 zł,1/29/2019,x86-64,false
i7,Intel,AM4,7,4.88,148,836.29 zł,3/17/2015,x86-64,false
Ryzen 7,Intel,AM4,3,4.07,28,793.88 zł,1/4/2012,x86-64,false
i5,Intel,AM4,5,4.97,135,973.44 zł,9/16/2022,x86,false
i3,AMD,LGA1151,2,4.62,111,818.55 zł,12/19/2013,x86-64,true
i7,Intel,LGA1151,7,4.38,11,239.46 zł,6/12/2010,x86-64,false
i5,Intel,LGA1151,5,2.82,34,777.5 zł,7/21/2013,x86-64,true
i3,Intel,LGA1151,8,1.97,36,755.47 zł,10/27/2019,x86-64,false
Ryzen 5,Intel,LGA1151,12,3.76,195,464.06 zł,3/30/2013,x86-64,true
i5,AMD,LGA1151,9,1.45,181,623.02 zł,11/9/2022,x86,false
Ryzen 5,Intel,LGA1151,10,2.38,71,463.54 zł,12/1/2016,x86,false
i5,Intel,LGA1151,8,3.12,173,233.09 zł,10/20/2022,x86-64,false
i5,AMD,AM4,15,4.68,134,301.83 zł,5/1/2019,x86,false
i5,Intel,LGA1151,16,1.38,148,559.92 zł,1/17/2018,x86,false
Ryzen 7,AMD,AM4,15,3.26,126,998.85 zł,12/17/2011,x86,false
Ryzen 5,AMD,AM4,10,1.96,108,998.51 zł,2/6/2015,x86,true
i5,AMD,LGA1151,9,4.68,149,656.16 zł,9/6/2020,x86,false
i3,Intel,LGA1151,8,1.38,101,867.75 zł,3/12/2020,x86,true
i3,Intel,LGA1151,14,3.13,173,108.93 zł,6/19/2011,x86-64,true
Ryzen 7,AMD,AM4,13,4.75,82,153.78 zł,12/27/2010,x86,true
i3,AMD,AM4,14,1.6,170,266.92 zł,1/1/2012,x86-64,false
i5,AMD,AM4,3,2.43,126,487.47 zł,2/22/2015,x86-64,false
i7,Intel,LGA1151,2,1.2,130,739.37 zł,6/12/2012,x86,true
i7,Intel,AM4,2,2.88,162,159.86 zł,10/30/2018,x86-64,true
i5,Intel,LGA1151,16,4.29,138,478.38 zł,2/4/2020,x86-64,true
i3,AMD,LGA1151,13,1.52,20,78.96 zł,2/20/2022,x86,true
Ryzen 5,Intel,LGA1151,10,1.79,79,184.58 zł,6/24/2020,x86-64,true
i7,Intel,LGA1151,10,2.23,156,759.93 zł,6/2/2020,x86-64,false
i7,AMD,LGA1151,10,3.1,44,120.16 zł,4/14/2015,x86-64,true
i3,Intel,AM4,8,4.85,142,752.14 zł,3/20/2014,x86-64,false
i7,AMD,AM4,16,2.34,197,594.57 zł,10/10/2014,x86,true
Ryzen 7,Intel,AM4,14,3.42,11,237.96 zł,9/16/2022,x86,false
i5,Intel,AM4,4,3.86,121,120.92 zł,4/24/2021,x86,true
i5,AMD,LGA1151,16,2.92,67,340.28 zł,6/10/2019,x86,true
i7,AMD,AM4,13,3.24,136,165.59 zł,11/20/2014,x86,true
i7,AMD,LGA1151,5,2.24,120,252.43 zł,1/1/2022,x86-64,false
Ryzen 7,Intel,AM4,12,4.06,11,324.31 zł,12/4/2014,x86-64,true
i7,AMD,LGA1151,16,4.4,89,241.01 zł,9/9/2016,x86-64,true
Ryzen 5,Intel,LGA1151,16,2.08,176,133.94 zł,6/1/2022,x86,false
Ryzen 5,Intel,LGA1151,12,2.39,19,64.84 zł,3/6/2016,x86-64,false
i7,Intel,LGA1151,9,3.02,156,861.07 zł,3/28/2010,x86-64,true
i5,AMD,AM4,16,4.01,103,476.72 zł,1/3/2010,x86-64,false
Ryzen 7,Intel,AM4,4,2.84,153,792.62 zł,2/24/2010,x86,true
i3,Intel,LGA1151,5,4.52,77,226.46 zł,9/27/2012,x86,true
i3,AMD,AM4,9,4.52,76,406.46 zł,5/20/2012,x86,false
i3,AMD,AM4,12,3.16,45,900.55 zł,3/11/2016,x86,false
i7,AMD,AM4,7,2.67,136,545.55 zł,8/21/2018,x86-64,false
Ryzen 5,AMD,AM4,4,3.91,141,116.99 zł,4/17/2020,x86,false
Ryzen 5,AMD,LGA1151,4,2.01,157,470.43 zł,11/30/2021,x86-64,true
i3,Intel,LGA1151,8,2.42,89,452.61 zł,4/10/2017,x86-64,true
i7,AMD,AM4,6,4.41,48,745.17 zł,11/28/2019,x86-64,true
i3,Intel,AM4,8,2.86,169,237.45 zł,12/8/2010,x86-64,true
i7,AMD,LGA1151,2,4.1,86,243.22 zł,8/19/2019,x86,true
Ryzen 5,AMD,LGA1151,2,4.25,82,556.19 zł,4/27/2016,x86-64,true
i7,AMD,LGA1151,14,2.85,156,656.68 zł,7/3/2013,x86-64,true
Ryzen 7,AMD,LGA1151,11,3.79,52,656.05 zł,3/17/2019,x86,false
i5,AMD,LGA1151,15,3.87,81,308.86 zł,1/13/2013,x86,false
i3,Intel,LGA1151,12,4.9,193,816.64 zł,10/19/2015,x86-64,false
Ryzen 5,AMD,AM4,3,4.35,180,983.71 zł,4/18/2018,x86,false
Ryzen 7,Intel,AM4,4,1.25,130,285.52 zł,5/15/2021,x86-64,false
i7,AMD,AM4,14,1.28,161,202.44 zł,1/18/2020,x86-64,true
Ryzen 5,Intel,LGA1151,14,1.44,64,210.84 zł,12/17/2011,x86-64,false
Ryzen 5,Intel,AM4,7,3.72,191,890.46 zł,9/2/2013,x86-64,true
i3,Intel,AM4,14,3.12,68,407.07 zł,2/9/2020,x86-64,false
Ryzen 7,AMD,LGA1151,12,3.51,82,173.38 zł,9/26/2011,x86,true
Ryzen 5,AMD,LGA1151,11,4.21,168,647.9 zł,10/21/2019,x86-64,false
Ryzen 5,Intel,AM4,14,3.69,19,841.26 zł,1/6/2020,x86,false
i5,Intel,LGA1151,14,4.8,127,991.34 zł,9/8/2020,x86-64,false
Ryzen 7,Intel,AM4,13,1.23,26,346.79 zł,12/24/2022,x86,true
Ryzen 5,Intel,AM4,15,3.9,59,926.17 zł,6/19/2019,x86-64,false
i3,Intel,AM4,9,4.5,118,186.74 zł,1/1/2010,x86-64,false
i3,Intel,LGA1151,8,2.81,57,931.83 zł,11/12/2011,x86-64,true
i3,AMD,LGA1151,4,1.48,66,110.0 zł,11/4/2015,x86-64,true
i3,AMD,AM4,2,4.93,160,660.8 zł,11/16/2012,x86,false
Ryzen 7,Intel,LGA1151,10,2.35,160,254.0 zł,2/12/2019,x86-64,true
i5,Intel,LGA1151,14,1.48,90,265.02 zł,3/23/2015,x86,false
i3,AMD,LGA1151,15,2.59,16,291.65 zł,2/18/2016,x86-64,true
Ryzen 7,Intel,LGA1151,8,2.17,110,445.14 zł,1/26/2014,x86-64,false
Ryzen 5,AMD,AM4,12,3.3,108,198.8 zł,3/27/2017,x86-64,true
Ryzen 7,AMD,LGA1151,9,3.94,92,54.78 zł,12/9/2010,x86-64,false
Ryzen 5,AMD,AM4,7,3.51,183,634.65 zł,12/21/2022,x86,false
i7,Intel,AM4,13,2.41,194,81.53 zł,5/21/2022,x86-64,true
Ryzen 7,Intel,LGA1151,9,3.04,48,862.17 zł,6/20/2011,x86,false
i3,Intel,AM4,10,1.06,35,832.38 zł,12/22/2022,x86,false
Ryzen 5,Intel,AM4,9,4.07,175,865.05 zł,9/10/2016,x86-64,true
Ryzen 7,Intel,LGA1151,14,2.82,185,941.26 zł,7/29/2016,x86,false
i5,AMD,LGA1151,9,4.78,88,924.47 zł,2/21/2013,x86,false
i3,AMD,LGA1151,3,2.42,115,325.47 zł,11/25/2020,x86,false
i3,AMD,AM4,6,1.02,48,937.45 zł,9/10/2020,x86,true
i7,AMD,LGA1151,2,3.08,127,990.86 zł,4/17/2018,x86,false
i3,AMD,LGA1151,14,4.1,97,470.26 zł,11/15/2020,x86,true
i7,AMD,AM4,15,2.1,192,175.69 zł,9/25/2012,x86,true
Ryzen 7,Intel,LGA1151,9,2.2,173,229.85 zł,1/6/2020,x86,false
i7,AMD,LGA1151,15,2.14,182,616.22 zł,5/25/2011,x86-64,true
i5,Intel,AM4,4,1.19,151,983.09 zł,11/18/2020,x86-64,true
Ryzen 7,AMD,LGA1151,9,2.14,106,848.12 zł,12/12/2011,x86,true
i5,Intel,AM4,9,3.55,112,814.07 zł,12/28/2014,x86,false
i3,Intel,LGA1151,15,3.0,102,218.76 zł,12/27/2017,x86,false
i7,AMD,LGA1151,11,1.97,149,884.94 zł,6/9/2012,x86,true
i5,AMD,LGA1151,11,1.22,152,616.08 zł,9/28/2017,x86-64,true
i3,AMD,AM4,6,2.06,43,966.54 zł,8/16/2018,x86-64,true
i7,AMD,LGA1151,13,3.77,33,353.43 zł,7/27/2016,x86-64,false
i5,Intel,AM4,15,4.01,45,95.74 zł,12/26/2015,x86-64,false
i3,AMD,AM4,12,3.37,71,364.31 zł,1/22/2013,x86-64,true
i3,AMD,LGA1151,11,1.73,134,861.71 zł,6/8/2022,x86,false
i7,Intel,AM4,7,2.18,11,513.96 zł,2/26/2016,x86-64,true
i7,Intel,AM4,7,3.38,24,892.12 zł,11/6/2014,x86,false
i5,AMD,LGA1151,9,4.73,107,585.35 zł,2/4/2022,x86,false
i7,AMD,LGA1151,11,3.65,96,826.89 zł,6/5/2018,x86,false
Ryzen 7,AMD,LGA1151,9,2.24,138,746.13 zł,5/25/2019,x86,true
i5,AMD,LGA1151,11,1.96,77,645.59 zł,11/16/2015,x86,false
i7,Intel,LGA1151,8,3.22,65,163.92 zł,4/22/2021,x86-64,false
Ryzen 5,Intel,LGA1151,10,2.02,120,385.8 zł,3/31/2022,x86-64,false
i7,Intel,LGA1151,8,4.98,79,726.8 zł,9/10/2020,x86-64,false
i3,Intel,LGA1151,7,1.78,104,444.47 zł,10/28/2015,x86,true
i5,AMD,LGA1151,2,2.44,28,160.25 zł,6/27/2019,x86-64,false
Ryzen 7,Intel,LGA1151,14,2.86,57,294.7 zł,8/5/2022,x86,false
i7,AMD,LGA1151,14,4.82,44,916.89 zł,10/9/2012,x86,false
Ryzen 5,AMD,LGA1151,4,3.52,194,322.74 zł,6/1/2010,x86-64,true
Ryzen 7,AMD,LGA1151,13,2.11,104,87.77 zł,7/4/2015,x86,false
i5,Intel,AM4,2,1.23,56,952.77 zł,11/29/2012,x86,true
i7,Intel,LGA1151,10,3.11,114,858.06 zł,3/15/2021,x86-64,true
i5,Intel,AM4,9,1.08,136,681.37 zł,11/13/2018,x86,false
i7,AMD,LGA1151,16,3.63,165,846.21 zł,10/21/2017,x86,false
Ryzen 7,Intel,LGA1151,4,4.05,84,515.19 zł,9/24/2014,x86-64,true
i3,AMD,AM4,10,3.22,177,140.91 zł,4/16/2019,x86-64,false
i3,AMD,AM4,9,2.53,127,949.25 zł,3/26/2018,x86-64,true
i5,AMD,LGA1151,10,1.94,73,815.08 zł,1/23/2017,x86-64,false
i5,Intel,AM4,14,3.61,21,89.1 zł,10/2/2011,x86-64,false
i5,AMD,AM4,13,4.79,13,100.81 zł,1/3/2020,x86-64,false
i5,Intel,LGA1151,16,2.64,30,56.94 zł,12/29/2011,x86,true
i5,Intel,LGA1151,10,3.42,104,588.56 zł,8/24/2020,x86,true
Ryzen 7,Intel,AM4,7,1.69,167,361.56 zł,1/10/2016,x86,true
i5,AMD,AM4,5,4.91,67,219.51 zł,7/12/2013,x86-64,false
Ryzen 5,Intel,AM4,7,2.72,125,853.42 zł,2/21/2015,x86-64,false
Ryzen 5,AMD,AM4,4,3.36,26,206.56 zł,2/18/2014,x86-64,false
i5,AMD,LGA1151,16,2.26,67,50.23 zł,8/21/2018,x86,true
i3,Intel,AM4,11,4.13,105,165.89 zł,4/29/2012,x86,false
i3,Intel,LGA1151,8,1.19,170,149.43 zł,7/6/2020,x86,false
Ryzen 7,AMD,LGA1151,3,3.08,45,247.99 zł,9/25/2014,x86-64,true
Ryzen 5,Intel,LGA1151,9,2.78,159,901.38 zł,7/1/2012,x86-64,true
i3,AMD,LGA1151,9,3.34,162,119.71 zł,3/27/2018,x86-64,false
i3,Intel,LGA1151,8,4.32,110,244.11 zł,10/31/2014,x86,false
i3,AMD,LGA1151,9,4.99,102,991.37 zł,1/19/2017,x86-64,false
Ryzen 5,Intel,AM4,13,3.4,130,952.07 zł,6/28/2022,x86-64,false
i3,Intel,AM4,14,2.37,151,948.49 zł,10/2/2019,x86,false
i5,AMD,LGA1151,12,1.49,42,582.32 zł,8/26/2014,x86-64,true
i3,Intel,LGA1151,2,4.98,95,550.44 zł,7/15/2012,x86,true
i3,AMD,LGA1151,9,3.52,82,452.34 zł,1/19/2022,x86,true
Ryzen 5,Intel,AM4,5,1.13,149,308.48 zł,3/1/2019,x86,true
i5,Intel,AM4,9,1.39,194,690.95 zł,2/27/2018,x86-64,false
i3,Intel,LGA1151,2,4.02,32,428.2 zł,6/7/2012,x86,true
i7,Intel,LGA1151,10,1.59,92,534.17 zł,4/8/2017,x86,true
Ryzen 5,Intel,LGA1151,2,2.14,113,801.02 zł,11/19/2014,x86,false
Ryzen 5,AMD,LGA1151,9,2.62,170,828.05 zł,8/22/2013,x86,true
i3,AMD,LGA1151,7,2.92,110,616.31 zł,11/5/2020,x86,false
Ryzen 7,AMD,LGA1151,13,3.97,180,238.25 zł,5/31/2021,x86-64,true
Ryzen 7,AMD,LGA1151,4,2.32,118,885.99 zł,11/8/2020,x86-64,false
Ryzen 7,AMD,AM4,6,3.85,188,487.9 zł,1/24/2010,x86-64,false
Ryzen 5,AMD,LGA1151,12,2.47,73,923.87 zł,2/7/2019,x86-64,false
i3,AMD,AM4,5,2.99,176,495.52 zł,5/31/2018,x86,false
i5,AMD,LGA1151,12,2.78,27,619.0 zł,4/28/2016,x86,true
i3,AMD,AM4,5,3.25,90,643.87 zł,9/25/2014,x86-64,true
i3,Intel,LGA1151,6,2.57,185,611.91 zł,3/5/2017,x86-64,false
Ryzen 7,AMD,LGA1151,11,3.16,127,410.83 zł,1/21/2021,x86,true
i5,AMD,AM4,5,4.73,159,803.25 zł,6/22/2013,x86,true
Ryzen 7,AMD,LGA1151,14,2.94,197,943.87 zł,9/2/2012,x86-64,true
Ryzen 5,AMD,AM4,6,2.26,169,261.82 zł,3/16/2017,x86-64,false
i5,AMD,AM4,16,4.12,131,865.36 zł,8/21/2013,x86,true
i5,AMD,LGA1151,3,1.24,165,797.26 zł,4/1/2014,x86,false
Ryzen 5,Intel,AM4,7,1.26,54,581.83 zł,3/20/2018,x86,true
Ryzen 7,Intel,LGA1151,4,4.53,19,242.54 zł,5/28/2010,x86,false
i5,Intel,AM4,14,4.8,105,533.53 zł,7/6/2014,x86,false
Ryzen 5,Intel,AM4,14,4.43,192,125.01 zł,11/19/2017,x86,false
Ryzen 5,Intel,LGA1151,5,1.35,182,897.16 zł,10/20/2011,x86-64,true
i3,Intel,AM4,9,4.55,150,915.95 zł,12/12/2015,x86-64,false
i3,Intel,LGA1151,13,4.46,29,115.49 zł,6/27/2016,x86,true
i7,AMD,LGA1151,14,1.2,151,243.16 zł,2/27/2018,x86,true
Ryzen 7,Intel,AM4,11,2.66,75,198.29 zł,11/22/2022,x86,false
i7,Intel,LGA1151,4,4.85,55,630.47 zł,12/18/2019,x86-64,true
i7,Intel,AM4,5,3.12,177,138.19 zł,7/30/2020,x86,true
i7,Intel,LGA1151,9,1.13,166,840.77 zł,9/5/2022,x86-64,false
i3,AMD,LGA1151,7,1.31,148,496.86 zł,8/7/2019,x86-64,false
i3,Intel,LGA1151,2,1.63,105,475.21 zł,8/21/2013,x86,false
Ryzen 5,Intel,LGA1151,3,1.09,181,205.16 zł,6/21/2021,x86-64,false
i3,Intel,LGA1151,9,2.58,38,732.11 zł,3/17/2020,x86,true
i5,Intel,AM4,7,2.94,148,66.47 zł,5/17/2020,x86,false
Ryzen 5,Intel,AM4,5,3.79,33,740.88 zł,1/24/2022,x86,false
i5,Intel,LGA1151,10,2.6,142,654.11 zł,9/7/2013,x86,false
Ryzen 7,Intel,LGA1151,13,1.81,85,951.64 zł,7/26/2016,x86,true
Ryzen 7,AMD,AM4,14,4.84,11,505.55 zł,10/17/2015,x86-64,false
i7,AMD,AM4,12,4.6,56,406.31 zł,5/4/2013,x86,true
Ryzen 5,Intel,LGA1151,2,3.29,154,262.13 zł,7/14/2013,x86,false
i3,AMD,LGA1151,16,2.22,186,369.76 zł,8/26/2016,x86-64,false
Ryzen 7,Intel,AM4,10,2.32,13,59.65 zł,6/20/2020,x86,false
i3,AMD,LGA1151,2,2.28,130,694.44 zł,5/26/2010,x86,false
i5,AMD,AM4,14,4.88,164,744.12 zł,4/8/2013,x86-64,true
Ryzen 7,AMD,LGA1151,5,1.67,193,551.6 zł,7/3/2012,x86,false
i3,Intel,LGA1151,7,1.96,197,570.61 zł,1/16/2016,x86,false
i7,Intel,LGA1151,10,3.39,29,856.01 zł,7/16/2012,x86,true
i7,AMD,LGA1151,8,3.82,110,57.3 zł,11/1/2016,x86,true
i3,Intel,LGA1151,15,3.78,59,968.69 zł,4/19/2020,x86-64,true
i7,Intel,LGA1151,15,3.96,196,382.54 zł,12/8/2017,x86,false
Ryzen 5,Intel,AM4,11,4.0,123,166.1 zł,12/23/2021,x86,false
i7,Intel,LGA1151,16,1.76,157,391.11 zł,1/30/2022,x86-64,true
Ryzen 7,AMD,AM4,11,1.37,12,386.92 zł,1/18/2013,x86,true
Ryzen 7,AMD,AM4,10,1.13,52,825.07 zł,11/26/2021,x86-64,true
Ryzen 7,Intel,AM4,10,1.35,108,111.28 zł,4/30/2016,x86,false
i5,Intel,LGA1151,16,2.5,170,694.17 zł,8/21/2012,x86-64,false
i5,AMD,LGA1151,9,3.93,101,330.98 zł,12/3/2014,x86-64,true
Ryzen 7,Intel,LGA1151,16,2.06,152,968.91 zł,8/29/2019,x86,false
Ryzen 7,Intel,LGA1151,9,3.94,15,953.57 zł,6/15/2021,x86,false
Ryzen 5,AMD,LGA1151,6,1.93,170,822.13 zł,4/27/2017,x86,true
i5,Intel,LGA1151,6,2.82,32,983.34 zł,9/2/2011,x86,true
i3,AMD,LGA1151,7,4.34,103,519.07 zł,8/21/2019,x86,true
i7,Intel,AM4,13,2.91,183,956.95 zł,7/2/2017,x86,true
i3,Intel,AM4,12,1.33,73,285.22 zł,5/30/2018,x86-64,true
Ryzen 7,AMD,AM4,9,1.27,191,963.21 zł,8/13/2013,x86,true
Ryzen 7,AMD,LGA1151,11,4.75,96,950.29 zł,8/13/2014,x86,false
i7,Intel,LGA1151,12,4.3,81,522.06 zł,12/21/2016,x86,false
Ryzen 5,Intel,LGA1151,5,1.82,85,432.06 zł,1/1/2015,x86,false
Ryzen 7,Intel,LGA1151,16,2.39,15,510.23 zł,2/26/2011,x86-64,true
Ryzen 5,AMD,LGA1151,4,3.35,105,880.24 zł,8/16/2022,x86-64,false
Ryzen 7,Intel,LGA1151,15,4.36,150,837.65 zł,6/2/2017,x86-64,true
i5,AMD,LGA1151,3,1.93,14,408.23 zł,8/25/2010,x86-64,true
i7,AMD,AM4,6,1.04,102,865.92 zł,12/19/2013,x86,true
Ryzen 5,AMD,AM4,15,2.9,20,235.76 zł,9/14/2021,x86-64,false
i3,Intel,LGA1151,16,2.68,101,355.68 zł,4/5/2014,x86,false
Ryzen 7,Intel,LGA1151,11,4.85,98,522.14 zł,12/14/2020,x86-64,false
i3,Intel,LGA1151,14,4.36,42,526.79 zł,2/17/2016,x86-64,true
Ryzen 5,Intel,AM4,11,1.02,102,158.03 zł,5/19/2014,x86,false
i3,Intel,LGA1151,12,1.96,42,151.15 zł,5/30/2021,x86-64,true
i3,Intel,AM4,15,4.94,82,102.19 zł,2/11/2018,x86,true
Ryzen 7,AMD,LGA1151,15,2.02,103,701.49 zł,12/7/2014,x86,true
i3,AMD,AM4,16,2.72,146,249.0 zł,9/9/2014,x86,false
i7,AMD,AM4,7,4.64,178,70.12 zł,11/1/2013,x86,false
Ryzen 7,Intel,LGA1151,10,1.68,117,369.27 zł,6/25/2022,x86-64,true
Ryzen 5,Intel,LGA1151,9,2.42,160,189.17 zł,10/21/2021,x86,true
i3,Intel,LGA1151,15,2.43,87,290.29 zł,6/25/2019,x86,false
i7,Intel,AM4,15,3.46,140,879.71 zł,6/9/2010,x86-64,false
i3,AMD,LGA1151,13,2.56,149,775.23 zł,8/22/2016,x86-64,false
Ryzen 5,Intel,AM4,2,3.74,47,261.48 zł,4/10/2010,x86-64,true
i7,Intel,LGA1151,8,4.86,89,166.58 zł,6/19/2019,x86,false
Ryzen 7,AMD,LGA1151,3,2.49,10,75.98 zł,5/15/2016,x86-64,false
Ryzen 5,AMD,LGA1151,5,3.02,87,504.75 zł,5/2/2020,x86,true
i3,AMD,LGA1151,9,2.9,194,184.23 zł,3/21/2016,x86,false
Ryzen 7,AMD,AM4,12,1.73,103,429.54 zł,9/19/2022,x86,true
i7,AMD,LGA1151,9,3.16,139,811.71 zł,5/7/2013,x86,true
i3,AMD,AM4,3,1.95,21,137.68 zł,9/14/2020,x86-64,false
i7,AMD,LGA1151,16,3.89,75,913.68 zł,8/15/2015,x86,false
Ryzen 7,Intel,LGA1151,7,1.47,94,317.16 zł,7/15/2011,x86,false
Ryzen 7,Intel,LGA1151,2,1.52,18,300.91 zł,7/4/2022,x86-64,true
i3,AMD,AM4,6,4.19,83,381.34 zł,11/14/2010,x86-64,true
Ryzen 7,Intel,LGA1151,2,2.48,176,169.63 zł,5/7/2018,x86,true
Ryzen 5,Intel,LGA1151,11,2.76,189,791.52 zł,7/5/2010,x86-64,true
i7,Intel,LGA1151,12,1.0,94,611.39 zł,2/6/2022,x86,true
i3,Intel,AM4,4,4.56,51,755.02 zł,11/9/2013,x86-64,true
i7,AMD,AM4,8,1.82,152,120.15 zł,7/13/2014,x86-64,true
i3,Intel,AM4,3,2.91,53,873.66 zł,11/1/2013,x86,false
i3,AMD,AM4,12,1.67,12,663.74 zł,12/7/2020,x86,true
i3,Intel,LGA1151,12,2.19,104,598.29 zł,12/14/2013,x86,false
Ryzen 5,Intel,LGA1151,11,4.09,138,525.54 zł,4/17/2022,x86-64,true
i3,Intel,LGA1151,9,4.88,74,725.98 zł,8/4/2021,x86,false
Ryzen 7,AMD,AM4,7,3.32,184,846.21 zł,4/13/2022,x86,false
i3,AMD,LGA1151,7,2.43,90,749.18 zł,9/18/2011,x86,false
i7,Intel,AM4,8,3.09,112,726.16 zł,1/20/2022,x86,false
i3,Intel,LGA1151,4,3.95,175,373.64 zł,12/11/2019,x86,true
Ryzen 7,AMD,AM4,3,2.85,17,435.22 zł,11/19/2011,x86-64,false
i7,Intel,AM4,8,4.18,76,555.28 zł,2/23/2010,x86-64,true
i7,AMD,AM4,13,3.18,182,110.49 zł,3/7/2022,x86,true
i3,AMD,LGA1151,10,3.2,65,992.1 zł,5/20/2010,x86,true
i7,Intel,AM4,5,3.43,162,870.01 zł,9/17/2014,x86-64,false
Ryzen 5,AMD,LGA1151,14,3.82,74,319.88 zł,9/10/2015,x86-64,true
i3,Intel,LGA1151,14,4.55,151,358.26 zł,12/25/2017,x86,true
Ryzen 5,AMD,AM4,9,1.34,16,277.11 zł,4/2/2019,x86,false
Ryzen 7,Intel,LGA1151,9,4.73,164,915.71 zł,1/16/2016,x86-64,false
Ryzen 5,AMD,AM4,10,2.56,109,80.11 zł,12/5/2010,x86,true
i5,Intel,AM4,5,3.29,70,705.91 zł,8/7/2013,x86-64,true
i3,AMD,AM4,2,3.46,124,365.69 zł,12/1/2016,x86,true
i3,Intel,LGA1151,5,4.62,141,116.18 zł,5/24/2012,x86-64,true
i5,AMD,AM4,14,2.05,140,103.22 zł,6/9/2013,x86-64,true
Ryzen 7,Intel,LGA1151,11,3.38,127,876.23 zł,6/27/2016,x86,false
i7,AMD,LGA1151,13,3.11,189,254.84 zł,11/1/2015,x86-64,true
i5,Intel,LGA1151,4,4.86,21,468.59 zł,8/22/2020,x86-64,true
i5,Intel,LGA1151,11,2.43,26,422.98 zł,12/23/2021,x86-64,true
i3,Intel,LGA1151,7,2.86,45,111.69 zł,8/25/2010,x86-64,false
i5,Intel,AM4,7,5.0,175,926.22 zł,9/18/2010,x86-64,false
Ryzen 7,AMD,LGA1151,4,3.04,194,564.67 zł,7/26/2017,x86-64,true
i5,AMD,LGA1151,2,2.42,182,843.82 zł,7/21/2013,x86,false
Ryzen 5,AMD,LGA1151,14,4.75,122,169.27 zł,6/1/2013,x86-64,true
i7,Intel,LGA1151,6,3.27,190,884.9 zł,7/5/2020,x86,true
i7,AMD,AM4,10,3.75,131,553.73 zł,8/14/2011,x86,true
Ryzen 5,AMD,AM4,6,4.11,170,534.75 zł,7/19/2013,x86,false
i5,AMD,AM4,3,4.2,143,764.91 zł,1/11/2020,x86-64,false
i5,AMD,LGA1151,6,1.58,151,828.3 zł,3/4/2022,x86-64,true
i3,Intel,AM4,7,1.45,110,575.19 zł,9/17/2010,x86-64,false
i7,AMD,AM4,15,4.85,149,870.04 zł,11/3/2015,x86,true
Ryzen 5,Intel,LGA1151,13,4.43,190,913.46 zł,7/7/2012,x86-64,true
i3,AMD,AM4,3,2.48,36,822.99 zł,7/9/2010,x86-64,true
Ryzen 7,AMD,LGA1151,9,2.47,112,929.94 zł,12/1/2020,x86,true
Ryzen 7,AMD,AM4,12,1.04,163,678.43 zł,5/27/2014,x86,false
Ryzen 7,AMD,AM4,16,4.37,131,203.87 zł,12/4/2018,x86,false
i3,Intel,AM4,16,2.63,26,903.8 zł,12/16/2019,x86-64,true
Ryzen 7,AMD,LGA1151,10,1.84,108,847.58 zł,1/14/2019,x86-64,true
i7,AMD,LGA1151,11,2.92,21,198.81 zł,10/16/2015,x86-64,true
i7,Intel,AM4,10,1.56,100,856.31 zł,9/10/2011,x86-64,true
Ryzen 7,AMD,AM4,3,3.41,64,401.83 zł,5/5/2018,x86-64,false
i3,AMD,LGA1151,4,4.21,185,502.11 zł,2/23/2021,x86-64,false
Ryzen 5,AMD,LGA1151,6,1.29,189,574.64 zł,7/7/2012,x86,false
i5,AMD,AM4,9,2.42,144,220.83 zł,4/21/2011,x86,false
Ryzen 7,AMD,LGA1151,12,4.18,131,939.97 zł,5/22/2017,x86-64,true
i7,AMD,LGA1151,9,1.57,12,931.13 zł,3/9/2010,x86,true
Ryzen 5,Intel,AM4,2,4.01,10,360.5 zł,6/20/2014,x86,true
i5,Intel,AM4,3,4.89,80,901.11 zł,1/16/2015,x86,true
i3,AMD,LGA1151,9,3.52,21,115.99 zł,1/10/2010,x86,false
Ryzen 7,AMD,LGA1151,14,4.68,69,440.75 zł,9/11/2010,x86,false
i3,Intel,AM4,16,2.9,118,767.15 zł,6/2/2015,x86-64,true
i5,AMD,LGA1151,14,4.52,37,350.68 zł,2/26/2014,x86,false
Ryzen 5,AMD,AM4,13,1.91,163,167.6 zł,4/4/2022,x86-64,false
Ryzen 5,AMD,LGA1151,3,2.01,26,509.98 zł,3/20/2012,x86-64,true
i5,Intel,LGA1151,4,1.33,42,380.79 zł,12/18/2019,x86-64,false
i7,AMD,LGA1151,9,2.02,30,626.7 zł,4/14/2015,x86,true
i5,Intel,AM4,13,4.47,97,918.32 zł,4/11/2018,x86-64,true
i5,Intel,LGA1151,5,4.14,181,240.47 zł,11/29/2014,x86-64,true
i3,Intel,AM4,16,1.26,148,375.45 zł,3/8/2021,x86,true
Ryzen 5,Intel,AM4,2,3.78,197,791.37 zł,9/24/2011,x86,false
Ryzen 5,Intel,LGA1151,12,2.4,45,665.73 zł,10/25/2020,x86,false
i5,Intel,AM4,4,4.81,94,301.86 zł,3/31/2016,x86-64,true
Ryzen 7,Intel,AM4,3,2.22,101,586.06 zł,4/25/2011,x86,false
Ryzen 7,Intel,AM4,13,2.15,118,204.4 zł,5/24/2016,x86-64,true
Ryzen 5,AMD,LGA1151,7,3.05,172,168.48 zł,11/14/2021,x86,true
i7,AMD,AM4,11,4.84,169,656.23 zł,12/15/2013,x86,true
Ryzen 5,AMD,AM4,4,2.53,122,917.59 zł,8/15/2022,x86,true
i5,Intel,LGA1151,6,4.59,82,460.84 zł,8/3/2018,x86,true
i7,Intel,AM4,6,3.36,89,627.77 zł,5/8/2015,x86,true
i7,Intel,AM4,2,1.09,124,823.68 zł,6/1/2020,x86,true
i3,AMD,AM4,9,1.39,162,922.97 zł,7/11/2010,x86-64,true
i7,AMD,LGA1151,15,2.47,125,966.36 zł,12/13/2010,x86,true
Ryzen 5,Intel,AM4,7,3.35,36,923.48 zł,12/24/2018,x86-64,true
Ryzen 7,Intel,AM4,9,4.45,119,900.26 zł,12/30/2012,x86,false
Ryzen 7,Intel,LGA1151,4,1.44,191,375.15 zł,8/17/2015,x86,false
i7,Intel,AM4,11,1.58,32,486.48 zł,5/25/2022,x86-64,false
i3,AMD,AM4,5,1.24,102,353.67 zł,9/13/2010,x86,true
Ryzen 7,Intel,AM4,6,3.45,111,994.61 zł,6/3/2015,x86-64,true
i3,AMD,LGA1151,7,2.63,71,976.09 zł,12/5/2021,x86,false
Ryzen 5,AMD,LGA1151,13,1.64,127,449.2 zł,11/11/2022,x86-64,true
i5,Intel,LGA1151,16,1.08,179,918.48 zł,2/18/2021,x86-64,false
Ryzen 7,AMD,AM4,10,3.14,147,952.38 zł,5/29/2012,x86,true
i7,Intel,AM4,7,1.24,122,159.85 zł,9/9/2017,x86-64,true
Ryzen 5,Intel,AM4,12,2.22,114,842.71 zł,3/9/2013,x86-64,true
i3,Intel,AM4,9,2.84,169,257.48 zł,4/13/2016,x86,true
Ryzen 5,AMD,LGA1151,7,3.16,82,359.14 zł,6/2/2017,x86,true
i5,AMD,LGA1151,13,1.05,152,292.56 zł,8/8/2022,x86,false
Ryzen 5,AMD,AM4,9,4.5,115,822.51 zł,6/10/2020,x86-64,false
i3,AMD,LGA1151,11,1.24,156,125.83 zł,10/30/2017,x86-64,false
Ryzen 7,AMD,LGA1151,10,3.85,108,254.98 zł,11/27/2019,x86,false
Ryzen 5,AMD,LGA1151,7,2.76,132,730.6 zł,3/3/2015,x86,false
Ryzen 5,AMD,LGA1151,4,1.1,65,749.72 zł,3/21/2022,x86,true
i7,AMD,LGA1151,8,3.7,124,96.22 zł,1/21/2022,x86-64,true
Ryzen 5,Intel,AM4,14,3.18,186,372.59 zł,3/10/2014,x86,true
i3,Intel,LGA1151,11,1.22,148,465.21 zł,7/18/2021,x86-64,false
i7,Intel,LGA1151,16,4.07,162,767.58 zł,12/18/2015,x86,false
i7,Intel,LGA1151,3,1.96,129,378.64 zł,8/15/2011,x86-64,false
i3,AMD,AM4,16,4.38,162,893.22 zł,12/19/2010,x86-64,false
i5,AMD,AM4,2,1.26,20,892.05 zł,3/31/2010,x86-64,true
i7,AMD,LGA1151,12,3.66,86,904.62 zł,12/10/2010,x86,true
Ryzen 5,Intel,AM4,7,2.92,186,518.95 zł,7/26/2015,x86,false
i3,Intel,LGA1151,15,2.42,136,361.41 zł,2/28/2017,x86-64,true
Ryzen 7,AMD,LGA1151,5,2.74,103,123.51 zł,3/22/2010,x86,true
i5,AMD,AM4,14,4.28,115,306.18 zł,10/30/2016,x86-64,true
i5,Intel,AM4,8,2.97,14,764.54 zł,12/9/2020,x86,true
Ryzen 5,Intel,AM4,3,3.52,60,571.87 zł,7/24/2015,x86,false
i5,Intel,AM4,13,3.66,33,458.42 zł,1/31/2012,x86-64,true
i5,AMD,AM4,14,2.74,77,927.32 zł,5/3/2010,x86-64,true
Ryzen 5,AMD,AM4,11,1.75,190,500.1 zł,12/30/2019,x86-64,false
i7,Intel,LGA1151,2,4.05,103,52.69 zł,3/7/2017,x86-64,false
Ryzen 5,Intel,AM4,5,2.05,129,844.31 zł,7/23/2018,x86-64,false
Ryzen 7,AMD,LGA1151,6,3.67,138,643.85 zł,4/28/2018,x86-64,true
Ryzen 5,AMD,AM4,10,3.53,110,252.57 zł,2/28/2020,x86,true
i3,AMD,LGA1151,12,1.03,101,181.91 zł,8/13/2015,x86,true
Ryzen 5,Intel,LGA1151,11,4.44,73,155.94 zł,2/5/2021,x86,true
Ryzen 7,AMD,LGA1151,13,2.5,82,504.81 zł,1/3/2020,x86,true
i7,AMD,AM4,12,4.47,86,929.33 zł,12/30/2012,x86,true
i3,Intel,AM4,3,2.85,20,658.21 zł,4/23/2020,x86-64,false
i3,AMD,LGA1151,12,3.53,61,239.31 zł,11/8/2013,x86-64,true
i3,AMD,LGA1151,5,2.95,173,132.59 zł,8/30/2011,x86-64,false
i7,Intel,AM4,12,4.33,59,598.26 zł,12/25/2022,x86,false
i3,Intel,AM4,4,3.7,69,840.09 zł,10/3/2014,x86,true
Ryzen 5,AMD,LGA1151,14,1.15,197,265.59 zł,6/29/2017,x86,false
i5,AMD,AM4,5,3.48,78,401.6 zł,7/26/2011,x86-64,true
Ryzen 5,Intel,AM4,14,4.76,98,758.37 zł,10/6/2010,x86,false
Ryzen 5,Intel,LGA1151,5,2.09,136,832.43 zł,1/8/2012,x86-64,false
Ryzen 7,Intel,AM4,7,2.22,94,416.87 zł,1/3/2010,x86,true
i3,AMD,AM4,3,3.27,80,303.81 zł,6/30/2011,x86-64,true
i5,AMD,LGA1151,11,4.06,50,340.46 zł,5/15/2021,x86-64,false
Ryzen 7,Intel,LGA1151,2,4.72,145,540.43 zł,7/2/2014,x86-64,false
i5,Intel,AM4,11,2.82,43,101.22 zł,4/12/2018,x86-64,false
Ryzen 5,Intel,LGA1151,4,3.7,66,816.35 zł,10/6/2016,x86,false
i7,Intel,AM4,16,4.5,120,392.99 zł,1/22/2014,x86-64,false
Ryzen 7,AMD,LGA1151,16,2.03,110,549.3 zł,2/2/2021,x86-64,false
Ryzen 5,Intel,LGA1151,16,4.13,124,959.34 zł,11/5/2021,x86-64,true
i7,Intel,LGA1151,12,3.74,87,807.49 zł,12/6/2014,x86-64,false
Ryzen 7,Intel,LGA1151,9,4.06,122,390.36 zł,1/18/2010,x86-64,false
i5,AMD,LGA1151,15,3.53,37,418.47 zł,9/7/2015,x86,false
Ryzen 5,Intel,AM4,11,3.78,145,356.86 zł,2/23/2010,x86,true
Ryzen 7,Intel,LGA1151,15,1.41,35,497.58 zł,7/29/2019,x86,false
i5,Intel,LGA1151,12,2.13,178,560.32 zł,7/14/2014,x86-64,true
i5,Intel,AM4,5,3.29,147,347.0 zł,2/3/2012,x86-64,true
i3,Intel,LGA1151,3,2.73,83,709.12 zł,7/26/2021,x86-64,false
Ryzen 7,Intel,LGA1151,13,3.17,103,211.7 zł,1/17/2012,x86-64,true
Ryzen 5,AMD,LGA1151,16,2.07,146,987.56 zł,12/23/2020,x86,false
Ryzen 7,Intel,AM4,14,2.17,43,922.07 zł,9/22/2011,x86-64,true
Ryzen 7,Intel,LGA1151,9,1.98,32,520.35 zł,1/1/2019,x86-64,true
Ryzen 7,Intel,AM4,8,1.22,15,722.9 zł,10/18/2020,x86,true
i3,Intel,LGA1151,4,1.16,82,223.36 zł,4/27/2019,x86,false
Ryzen 5,AMD,LGA1151,11,3.6,181,672.06 zł,8/28/2022,x86,true
Ryzen 7,AMD,LGA1151,3,1.36,108,213.93 zł,5/19/2010,x86,false
Ryzen 5,Intel,LGA1151,7,3.06,125,672.23 zł,2/21/2021,x86,false
i5,AMD,AM4,12,1.88,182,503.02 zł,10/27/2020,x86-64,true
Ryzen 7,AMD,LGA1151,11,3.83,80,638.3 zł,3/25/2012,x86,false
i3,Intel,AM4,2,4.5,112,116.12 zł,5/1/2010,x86,false
i5,AMD,LGA1151,14,3.77,32,259.61 zł,4/11/2010,x86-64,true
Ryzen 5,Intel,AM4,3,2.2,122,349.04 zł,11/1/2021,x86-64,true
i7,AMD,AM4,14,2.25,135,228.9 zł,12/9/2012,x86,false
i5,AMD,LGA1151,4,3.17,11,492.87 zł,4/19/2013,x86,false
Ryzen 7,Intel,LGA1151,6,2.79,172,893.91 zł,4/13/2013,x86-64,true
Ryzen 5,AMD,AM4,2,2.93,81,911.01 zł,8/22/2011,x86,false
i7,AMD,LGA1151,5,3.57,154,104.55 zł,6/10/2022,x86-64,false
i3,Intel,AM4,15,1.49,159,327.85 zł,5/8/2012,x86-64,true
Ryzen 5,Intel,AM4,7,3.21,101,793.16 zł,2/17/2011,x86,false
i3,Intel,LGA1151,11,2.24,62,191.72 zł,12/14/2011,x86,false
i5,Intel,LGA1151,13,3.41,76,382.56 zł,8/11/2018,x86-64,false
i7,Intel,AM4,5,2.33,198,145.92 zł,1/14/2019,x86,false
Ryzen 7,Intel,LGA1151,13,1.84,131,412.47 zł,1/28/2015,x86-64,false
i7,AMD,AM4,10,1.81,168,227.64 zł,10/29/2010,x86-64,false
i3,Intel,LGA1151,2,4.83,52,781.25 zł,7/2/2020,x86-64,true
Ryzen 7,Intel,LGA1151,7,1.59,113,215.92 zł,3/26/2015,x86,false
i3,AMD,LGA1151,6,2.01,44,250.89 zł,1/27/2017,x86,false
Ryzen 5,Intel,LGA1151,5,1.52,119,811.66 zł,12/20/2014,x86-64,false
i7,AMD,AM4,7,2.95,17,889.68 zł,1/4/2012,x86-64,false
i5,Intel,AM4,2,4.44,21,487.19 zł,1/4/2010,x86-64,false
Ryzen 5,Intel,LGA1151,7,2.61,22,110.09 zł,4/25/2016,x86-64,false
i5,Intel,LGA1151,9,2.71,57,443.8 zł,12/27/2019,x86-64,false
i7,AMD,LGA1151,14,4.88,88,364.02 zł,7/16/2011,x86,false
i5,Intel,LGA1151,15,3.2,32,421.56 zł,9/7/2019,x86,true
i3,Intel,AM4,5,4.42,73,994.96 zł,6/19/2018,x86-64,false
i7,Intel,AM4,5,3.98,48,835.28 zł,1/3/2016,x86-64,false
Ryzen 5,AMD,LGA1151,12,1.81,14,431.39 zł,12/13/2018,x86,true
Ryzen 5,AMD,LGA1151,15,1.94,32,841.0 zł,10/30/2012,x86-64,false
i3,AMD,LGA1151,6,3.45,175,837.77 zł,8/24/2015,x86-64,true
Ryzen 7,Intel,LGA1151,8,1.8,153,118.69 zł,6/2/2021,x86,false
i5,AMD,AM4,8,1.69,61,698.24 zł,8/31/2018,x86,true
i7,Intel,LGA1151,2,3.0,46,469.94 zł,3/27/2014,x86-64,false
i3,Intel,AM4,15,3.17,115,978.43 zł,10/13/2013,x86,true
Ryzen 5,AMD,LGA1151,5,4.02,162,141.54 zł,4/23/2011,x86,true
Ryzen 5,Intel,AM4,10,2.73,33,106.66 zł,12/24/2014,x86-64,true
i3,AMD,LGA1151,5,4.51,200,493.89 zł,1/12/2021,x86-64,true
Ryzen 5,AMD,AM4,13,4.48,120,330.93 zł,11/8/2012,x86,false
i3,Intel,AM4,7,4.62,10,201.48 zł,5/20/2014,x86,false
Ryzen 5,Intel,AM4,12,4.81,169,582.18 zł,12/26/2021,x86,true
i3,Intel,AM4,2,4.74,108,939.86 zł,3/8/2013,x86,false
Ryzen 5,AMD,AM4,13,1.66,156,598.29 zł,4/27/2018,x86,false
Ryzen 7,AMD,LGA1151,13,2.73,197,205.3 zł,7/21/2013,x86,true
i5,AMD,LGA1151,5,2.93,106,839.93 zł,6/15/2016,x86,true
i3,AMD,AM4,15,3.87,109,843.77 zł,8/19/2019,x86,false
i3,Intel,LGA1151,14,4.69,68,573.02 zł,7/15/2017,x86-64,true
Ryzen 7,AMD,AM4,5,2.25,95,778.51 zł,9/3/2011,x86,true
i5,Intel,LGA1151,5,1.91,148,575.43 zł,3/17/2018,x86-64,false
i7,Intel,LGA1151,13,1.27,14,142.99 zł,11/12/2016,x86-64,true
Ryzen 7,AMD,LGA1151,16,1.03,24,188.6 zł,12/26/2020,x86,false
i7,Intel,LGA1151,12,1.72,169,316.2 zł,11/28/2017,x86,true
i3,Intel,AM4,8,1.45,164,973.43 zł,12/21/2012,x86,false
i3,Intel,AM4,3,3.64,136,923.1 zł,8/26/2018,x86,true
i3,AMD,AM4,7,1.01,36,827.81 zł,11/16/2019,x86-64,true
i3,AMD,LGA1151,16,4.53,79,772.2 zł,3/2/2017,x86-64,false
i7,AMD,AM4,2,2.16,22,861.35 zł,7/2/2011,x86,false
Ryzen 7,Intel,AM4,12,2.13,164,276.1 zł,7/27/2018,x86-64,false
Ryzen 7,AMD,LGA1151,9,2.85,125,525.84 zł,5/11/2019,x86,true
i7,AMD,AM4,10,2.55,21,154.33 zł,12/9/2014,x86-64,true
